<?xml version="1.0" encoding="UTF-8"?>
<project-private xmlns="http://www.netbeans.org/ns/project-private/1">
    <editor-bookmarks xmlns="http://www.netbeans.org/ns/editor-bookmarks/2" lastBookmarkId="0"/>
    <open-files xmlns="http://www.netbeans.org/ns/projectui-open-files/2">
        <group>
            <file>file:/C:/Users/Lihini/OneDrive/Desktop/EAD/AttendanceManagmentSystem/src/View/permission.java</file>
            <file>file:/C:/Users/Lihini/OneDrive/Desktop/EAD/AttendanceManagmentSystem/src/View/Login.java</file>
            <file>file:/C:/Users/Lihini/OneDrive/Desktop/EAD/AttendanceManagmentSystem/src/View/Attendance.java</file>
            <file>file:/C:/Users/Lihini/OneDrive/Desktop/EAD/AttendanceManagmentSystem/src/View/Teacher.java</file>
            <file>file:/C:/Users/Lihini/OneDrive/Desktop/EAD/AttendanceManagmentSystem/src/View/Report.java</file>
            <file>file:/C:/Users/Lihini/OneDrive/Desktop/EAD/AttendanceManagmentSystem/src/View/Students.java</file>
        </group>
    </open-files>
</project-private>
